{"cameraMode":{"drawMode":0,"name":"Shaded","section":"Shading Mode"},"sceneLighting":true,"audioPlay":false,"sceneViewState":{"showFog":true,"showMaterialUpdate":false,"showSkybox":false,"showFlares":true,"showImageEffects":true,"showParticleSystems":true},"in2DMode":false,"pivot":{"x":312.98223876953127,"y":136.4450225830078,"z":-33.46026611328125},"rotation":{"x":-0.1036003902554512,"y":0.021477658301591874,"z":-0.0022534786257892849,"w":-0.994421660900116},"size":731.046142578125,"orthographic":false}